"","year","gdi","countrycode","scenario"
"2",1995,0.934,"ALB","Observed"
"4",1995,0.984,"ARG","Observed"
"5",1995,0.962,"ARM","Observed"
"6",1995,0.963,"AUS","Observed"
"7",1995,0.936,"AUT","Observed"
"8",1995,0.967,"AZE","Observed"
"10",1995,0.923,"BHR","Observed"
"11",1995,0.698,"BGD","Observed"
"12",1995,0.974,"BRB","Observed"
"13",1995,1.007,"BLR","Observed"
"14",1995,0.967,"BEL","Observed"
"16",1995,0.725,"BEN","Observed"
"20",1995,0.977,"BWA","Observed"
"22",1995,0.962,"BRN","Observed"
"23",1995,0.991,"BGR","Observed"
"25",1995,0.832,"BDI","Observed"
"27",1995,0.835,"KHM","Observed"
"29",1995,0.974,"CAN","Observed"
"30",1995,0.728,"CAF","Observed"
"32",1995,0.923,"CHL","Observed"
"33",1995,0.911,"CHN","Observed"
"34",1995,0.941,"COL","Observed"
"36",1995,0.866,"COG","Observed"
"39",1995,0.949,"HRV","Observed"
"40",1995,0.9,"CUB","Observed"
"41",1995,0.933,"CYP","Observed"
"42",1995,0.973,"CZE","Observed"
"43",1995,0.734,"CIV","Observed"
"44",1995,0.964,"DNK","Observed"
"47",1995,0.795,"EGY","Observed"
"48",1995,0.931,"SLV","Observed"
"49",1995,1.016,"EST","Observed"
"50",1995,0.901,"SWZ","Observed"
"53",1995,1.002,"FIN","Observed"
"54",1995,0.982,"FRA","Observed"
"55",1995,0.945,"GAB","Observed"
"56",1995,0.761,"GMB","Observed"
"58",1995,0.943,"DEU","Observed"
"59",1995,0.838,"GHA","Observed"
"60",1995,0.931,"GRC","Observed"
"65",1995,0.913,"HND","Observed"
"67",1995,0.987,"HUN","Observed"
"68",1995,0.981,"ISL","Observed"
"69",1995,0.712,"IND","Observed"
"70",1995,0.884,"IDN","Observed"
"71",1995,0.75,"IRN","Observed"
"72",1995,0.665,"IRQ","Observed"
"73",1995,0.96,"IRL","Observed"
"74",1995,0.96,"ISR","Observed"
"75",1995,0.946,"ITA","Observed"
"76",1995,0.978,"JAM","Observed"
"77",1995,0.953,"JPN","Observed"
"78",1995,0.799,"JOR","Observed"
"79",1995,1.004,"KAZ","Observed"
"80",1995,0.891,"KEN","Observed"
"81",1995,0.928,"KOR","Observed"
"82",1995,0.952,"KWT","Observed"
"83",1995,0.951,"KGZ","Observed"
"84",1995,0.827,"LAO","Observed"
"85",1995,1.017,"LVA","Observed"
"87",1995,1.006,"LSO","Observed"
"88",1995,0.599,"LBR","Observed"
"90",1995,1.01,"LTU","Observed"
"93",1995,0.874,"MWI","Observed"
"95",1995,0.858,"MDV","Observed"
"96",1995,0.697,"MLI","Observed"
"97",1995,0.905,"MLT","Observed"
"98",1995,0.766,"MRT","Observed"
"99",1995,0.91,"MUS","Observed"
"100",1995,0.901,"MEX","Observed"
"101",1995,0.979,"MDA","Observed"
"102",1995,0.972,"MNG","Observed"
"104",1995,0.745,"MAR","Observed"
"105",1995,0.796,"MOZ","Observed"
"106",1995,0.888,"MMR","Observed"
"107",1995,0.966,"NAM","Observed"
"108",1995,0.75,"NPL","Observed"
"109",1995,0.947,"NLD","Observed"
"110",1995,0.971,"NZL","Observed"
"112",1995,0.695,"NER","Observed"
"114",1995,0.981,"NOR","Observed"
"116",1995,0.599,"PAK","Observed"
"119",1995,0.853,"PNG","Observed"
"120",1995,0.932,"PRY","Observed"
"122",1995,0.955,"PHL","Observed"
"123",1995,0.985,"POL","Observed"
"124",1995,0.97,"PRT","Observed"
"125",1995,0.987,"QAT","Observed"
"126",1995,0.958,"ROU","Observed"
"128",1995,0.838,"RWA","Observed"
"132",1995,0.781,"SEN","Observed"
"136",1995,0.999,"SVK","Observed"
"137",1995,0.986,"SVN","Observed"
"138",1995,0.969,"ZAF","Observed"
"140",1995,0.962,"ESP","Observed"
"141",1995,0.915,"LKA","Observed"
"144",1995,1,"SWE","Observed"
"145",1995,0.94,"CHE","Observed"
"146",1995,0.796,"SYR","Observed"
"147",1995,0.889,"TJK","Observed"
"148",1995,0.887,"TZA","Observed"
"149",1995,0.977,"THA","Observed"
"152",1995,0.745,"TGO","Observed"
"153",1995,0.93,"TON","Observed"
"154",1995,0.952,"TTO","Observed"
"155",1995,0.811,"TUN","Observed"
"156",1995,0.835,"TUR","Observed"
"157",1995,0.847,"UGA","Observed"
"158",1995,1,"UKR","Observed"
"159",1995,0.951,"ARE","Observed"
"160",1995,0.965,"GBR","Observed"
"161",1995,0.993,"USA","Observed"
"162",1995,1.003,"URY","Observed"
"164",1995,0.968,"VEN","Observed"
"165",1995,0.944,"VNM","Observed"
"166",1995,0.61,"YEM","Observed"
"168",1995,0.906,"ZWE","Observed"
"198",2000,0.932,"ALB","Observed"
"199",2000,0.785,"DZA","Observed"
"200",2000,0.983,"ARG","Observed"
"201",2000,0.937,"ARM","Observed"
"202",2000,0.961,"AUS","Observed"
"203",2000,0.933,"AUT","Observed"
"204",2000,0.951,"AZE","Observed"
"205",2000,0.999,"BHS","Observed"
"206",2000,0.932,"BHR","Observed"
"207",2000,0.753,"BGD","Observed"
"208",2000,0.994,"BRB","Observed"
"209",2000,1.015,"BLR","Observed"
"210",2000,0.972,"BEL","Observed"
"211",2000,0.928,"BLZ","Observed"
"212",2000,0.747,"BEN","Observed"
"216",2000,0.961,"BWA","Observed"
"217",2000,0.987,"BRA","Observed"
"218",2000,0.971,"BRN","Observed"
"219",2000,0.974,"BGR","Observed"
"221",2000,0.836,"BDI","Observed"
"223",2000,0.85,"KHM","Observed"
"224",2000,0.834,"CMR","Observed"
"225",2000,0.976,"CAN","Observed"
"226",2000,0.731,"CAF","Observed"
"228",2000,0.927,"CHL","Observed"
"229",2000,0.913,"CHN","Observed"
"230",2000,0.96,"COL","Observed"
"232",2000,0.877,"COG","Observed"
"234",2000,0.941,"CRI","Observed"
"235",2000,0.962,"HRV","Observed"
"236",2000,0.908,"CUB","Observed"
"237",2000,0.947,"CYP","Observed"
"238",2000,0.971,"CZE","Observed"
"239",2000,0.737,"CIV","Observed"
"240",2000,0.989,"DNK","Observed"
"243",2000,0.805,"EGY","Observed"
"244",2000,0.943,"SLV","Observed"
"245",2000,1.032,"EST","Observed"
"246",2000,0.851,"SWZ","Observed"
"247",2000,0.744,"ETH","Observed"
"248",2000,0.927,"FJI","Observed"
"249",2000,0.996,"FIN","Observed"
"250",2000,0.984,"FRA","Observed"
"251",2000,0.918,"GAB","Observed"
"252",2000,0.797,"GMB","Observed"
"253",2000,0.94,"GEO","Observed"
"254",2000,0.943,"DEU","Observed"
"255",2000,0.851,"GHA","Observed"
"256",2000,0.947,"GRC","Observed"
"257",2000,0.897,"GTM","Observed"
"258",2000,0.728,"GIN","Observed"
"259",2000,0.926,"GUY","Observed"
"261",2000,0.916,"HND","Observed"
"263",2000,0.983,"HUN","Observed"
"264",2000,0.993,"ISL","Observed"
"265",2000,0.747,"IND","Observed"
"266",2000,0.897,"IDN","Observed"
"267",2000,0.796,"IRN","Observed"
"268",2000,0.729,"IRQ","Observed"
"269",2000,0.979,"IRL","Observed"
"270",2000,0.976,"ISR","Observed"
"271",2000,0.952,"ITA","Observed"
"272",2000,0.976,"JAM","Observed"
"273",2000,0.958,"JPN","Observed"
"274",2000,0.837,"JOR","Observed"
"275",2000,1.003,"KAZ","Observed"
"276",2000,0.888,"KEN","Observed"
"277",2000,0.925,"KOR","Observed"
"278",2000,0.972,"KWT","Observed"
"279",2000,0.959,"KGZ","Observed"
"280",2000,0.847,"LAO","Observed"
"281",2000,1.033,"LVA","Observed"
"283",2000,0.969,"LSO","Observed"
"284",2000,0.759,"LBR","Observed"
"285",2000,0.889,"LBY","Observed"
"286",2000,1.025,"LTU","Observed"
"287",2000,0.98,"LUX","Observed"
"289",2000,0.867,"MWI","Observed"
"290",2000,0.926,"MYS","Observed"
"291",2000,0.902,"MDV","Observed"
"292",2000,0.736,"MLI","Observed"
"293",2000,0.898,"MLT","Observed"
"294",2000,0.79,"MRT","Observed"
"295",2000,0.913,"MUS","Observed"
"296",2000,0.922,"MEX","Observed"
"297",2000,0.987,"MDA","Observed"
"298",2000,1.009,"MNG","Observed"
"300",2000,0.777,"MAR","Observed"
"301",2000,0.829,"MOZ","Observed"
"303",2000,0.951,"NAM","Observed"
"304",2000,0.77,"NPL","Observed"
"305",2000,0.957,"NLD","Observed"
"306",2000,0.979,"NZL","Observed"
"307",2000,0.906,"NIC","Observed"
"308",2000,0.706,"NER","Observed"
"310",2000,0.99,"NOR","Observed"
"311",2000,0.869,"OMN","Observed"
"312",2000,0.62,"PAK","Observed"
"314",2000,0.977,"PAN","Observed"
"315",2000,0.862,"PNG","Observed"
"316",2000,0.922,"PRY","Observed"
"317",2000,0.921,"PER","Observed"
"318",2000,0.97,"PHL","Observed"
"319",2000,0.988,"POL","Observed"
"320",2000,0.982,"PRT","Observed"
"321",2000,1.021,"QAT","Observed"
"322",2000,0.963,"ROU","Observed"
"323",2000,1.032,"RUS","Observed"
"324",2000,0.883,"RWA","Observed"
"325",2000,0.966,"LCA","Observed"
"326",2000,0.853,"STP","Observed"
"327",2000,0.833,"SAU","Observed"
"328",2000,0.806,"SEN","Observed"
"329",2000,0.948,"SRB","Observed"
"330",2000,0.782,"SLE","Observed"
"331",2000,0.936,"SGP","Observed"
"332",2000,1.001,"SVK","Observed"
"333",2000,0.993,"SVN","Observed"
"334",2000,0.971,"ZAF","Observed"
"336",2000,0.968,"ESP","Observed"
"337",2000,0.928,"LKA","Observed"
"340",2000,0.987,"SWE","Observed"
"341",2000,0.947,"CHE","Observed"
"342",2000,0.813,"SYR","Observed"
"343",2000,0.885,"TJK","Observed"
"344",2000,0.889,"TZA","Observed"
"345",2000,0.979,"THA","Observed"
"348",2000,0.781,"TGO","Observed"
"349",2000,0.927,"TON","Observed"
"350",2000,0.967,"TTO","Observed"
"351",2000,0.845,"TUN","Observed"
"352",2000,0.847,"TUR","Observed"
"353",2000,0.867,"UGA","Observed"
"354",2000,0.987,"UKR","Observed"
"356",2000,0.978,"GBR","Observed"
"357",2000,0.986,"USA","Observed"
"358",2000,1,"URY","Observed"
"360",2000,0.986,"VEN","Observed"
"361",2000,0.956,"VNM","Observed"
"362",2000,0.635,"YEM","Observed"
"364",2000,0.886,"ZWE","Observed"
"393",2005,0.488,"AFG","Observed"
"394",2005,0.94,"ALB","Observed"
"395",2005,0.807,"DZA","Observed"
"396",2005,0.996,"ARG","Observed"
"397",2005,0.963,"ARM","Observed"
"398",2005,0.964,"AUS","Observed"
"399",2005,0.936,"AUT","Observed"
"400",2005,0.929,"AZE","Observed"
"402",2005,0.952,"BHR","Observed"
"403",2005,0.791,"BGD","Observed"
"404",2005,1,"BRB","Observed"
"405",2005,1.024,"BLR","Observed"
"406",2005,0.967,"BEL","Observed"
"407",2005,0.94,"BLZ","Observed"
"408",2005,0.789,"BEN","Observed"
"410",2005,0.916,"BOL","Observed"
"411",2005,0.922,"BIH","Observed"
"412",2005,0.945,"BWA","Observed"
"413",2005,1.004,"BRA","Observed"
"414",2005,0.972,"BRN","Observed"
"415",2005,0.975,"BGR","Observed"
"416",2005,0.787,"BFA","Observed"
"417",2005,0.849,"BDI","Observed"
"419",2005,0.874,"KHM","Observed"
"420",2005,0.833,"CMR","Observed"
"421",2005,0.98,"CAN","Observed"
"422",2005,0.739,"CAF","Observed"
"423",2005,0.723,"TCD","Observed"
"424",2005,0.938,"CHL","Observed"
"425",2005,0.925,"CHN","Observed"
"426",2005,0.971,"COL","Observed"
"428",2005,0.885,"COG","Observed"
"429",2005,0.786,"COD","Observed"
"430",2005,0.964,"CRI","Observed"
"431",2005,0.976,"HRV","Observed"
"432",2005,0.94,"CUB","Observed"
"433",2005,0.955,"CYP","Observed"
"434",2005,0.973,"CZE","Observed"
"435",2005,0.76,"CIV","Observed"
"436",2005,0.988,"DNK","Observed"
"439",2005,0.825,"EGY","Observed"
"440",2005,0.951,"SLV","Observed"
"441",2005,1.039,"EST","Observed"
"442",2005,0.869,"SWZ","Observed"
"443",2005,0.765,"ETH","Observed"
"444",2005,0.955,"FJI","Observed"
"445",2005,1.001,"FIN","Observed"
"446",2005,0.985,"FRA","Observed"
"447",2005,0.917,"GAB","Observed"
"448",2005,0.841,"GMB","Observed"
"449",2005,0.933,"GEO","Observed"
"450",2005,0.959,"DEU","Observed"
"451",2005,0.864,"GHA","Observed"
"452",2005,0.961,"GRC","Observed"
"453",2005,0.907,"GTM","Observed"
"454",2005,0.774,"GIN","Observed"
"455",2005,0.934,"GUY","Observed"
"457",2005,0.95,"HND","Observed"
"459",2005,0.996,"HUN","Observed"
"460",2005,0.984,"ISL","Observed"
"461",2005,0.774,"IND","Observed"
"462",2005,0.907,"IDN","Observed"
"463",2005,0.846,"IRN","Observed"
"464",2005,0.77,"IRQ","Observed"
"465",2005,0.976,"IRL","Observed"
"466",2005,0.977,"ISR","Observed"
"467",2005,0.961,"ITA","Observed"
"468",2005,0.986,"JAM","Observed"
"469",2005,0.963,"JPN","Observed"
"470",2005,0.83,"JOR","Observed"
"471",2005,1.02,"KAZ","Observed"
"472",2005,0.886,"KEN","Observed"
"473",2005,0.93,"KOR","Observed"
"474",2005,0.999,"KWT","Observed"
"475",2005,0.962,"KGZ","Observed"
"476",2005,0.867,"LAO","Observed"
"477",2005,1.035,"LVA","Observed"
"478",2005,0.869,"LBN","Observed"
"479",2005,0.956,"LSO","Observed"
"480",2005,0.768,"LBR","Observed"
"481",2005,0.917,"LBY","Observed"
"482",2005,1.028,"LTU","Observed"
"483",2005,0.978,"LUX","Observed"
"485",2005,0.868,"MWI","Observed"
"486",2005,0.935,"MYS","Observed"
"487",2005,0.925,"MDV","Observed"
"488",2005,0.751,"MLI","Observed"
"489",2005,0.913,"MLT","Observed"
"490",2005,0.81,"MRT","Observed"
"491",2005,0.928,"MUS","Observed"
"492",2005,0.937,"MEX","Observed"
"493",2005,0.992,"MDA","Observed"
"494",2005,1.017,"MNG","Observed"
"495",2005,0.944,"MNE","Observed"
"496",2005,0.806,"MAR","Observed"
"497",2005,0.859,"MOZ","Observed"
"499",2005,0.951,"NAM","Observed"
"500",2005,0.832,"NPL","Observed"
"501",2005,0.962,"NLD","Observed"
"502",2005,0.965,"NZL","Observed"
"503",2005,0.938,"NIC","Observed"
"504",2005,0.73,"NER","Observed"
"505",2005,0.836,"NGA","Observed"
"506",2005,0.989,"NOR","Observed"
"507",2005,0.879,"OMN","Observed"
"508",2005,0.675,"PAK","Observed"
"509",2005,0.818,"PSE","Observed"
"510",2005,0.985,"PAN","Observed"
"512",2005,0.928,"PRY","Observed"
"513",2005,0.935,"PER","Observed"
"514",2005,0.985,"PHL","Observed"
"515",2005,0.994,"POL","Observed"
"516",2005,0.994,"PRT","Observed"
"517",2005,0.973,"QAT","Observed"
"518",2005,0.978,"ROU","Observed"
"519",2005,1.04,"RUS","Observed"
"520",2005,0.922,"RWA","Observed"
"521",2005,0.987,"LCA","Observed"
"522",2005,0.852,"STP","Observed"
"523",2005,0.88,"SAU","Observed"
"524",2005,0.81,"SEN","Observed"
"525",2005,0.952,"SRB","Observed"
"526",2005,0.818,"SLE","Observed"
"527",2005,0.948,"SGP","Observed"
"528",2005,0.988,"SVK","Observed"
"529",2005,1.006,"SVN","Observed"
"530",2005,0.961,"ZAF","Observed"
"532",2005,0.974,"ESP","Observed"
"533",2005,0.928,"LKA","Observed"
"534",2005,0.786,"SDN","Observed"
"535",2005,0.966,"SUR","Observed"
"536",2005,0.996,"SWE","Observed"
"537",2005,0.985,"CHE","Observed"
"538",2005,0.803,"SYR","Observed"
"539",2005,0.888,"TJK","Observed"
"540",2005,0.901,"TZA","Observed"
"541",2005,0.971,"THA","Observed"
"542",2005,0.795,"MKD","Observed"
"543",2005,0.82,"TLS","Observed"
"544",2005,0.795,"TGO","Observed"
"545",2005,0.938,"TON","Observed"
"546",2005,0.983,"TTO","Observed"
"547",2005,0.868,"TUN","Observed"
"548",2005,0.853,"TUR","Observed"
"549",2005,0.872,"UGA","Observed"
"550",2005,1,"UKR","Observed"
"552",2005,0.981,"GBR","Observed"
"553",2005,0.991,"USA","Observed"
"554",2005,1.003,"URY","Observed"
"556",2005,0.994,"VEN","Observed"
"557",2005,0.985,"VNM","Observed"
"558",2005,0.656,"YEM","Observed"
"560",2005,0.884,"ZWE","Observed"
"589",2010,0.566,"AFG","Observed"
"590",2010,0.958,"ALB","Observed"
"591",2010,0.835,"DZA","Observed"
"592",2010,0.995,"ARG","Observed"
"593",2010,0.958,"ARM","Observed"
"594",2010,0.97,"AUS","Observed"
"595",2010,0.969,"AUT","Observed"
"596",2010,0.954,"AZE","Observed"
"598",2010,0.973,"BHR","Observed"
"599",2010,0.843,"BGD","Observed"
"600",2010,1.015,"BRB","Observed"
"601",2010,1.028,"BLR","Observed"
"602",2010,0.97,"BEL","Observed"
"603",2010,0.957,"BLZ","Observed"
"604",2010,0.832,"BEN","Observed"
"605",2010,0.9,"BTN","Observed"
"606",2010,0.917,"BOL","Observed"
"607",2010,0.928,"BIH","Observed"
"608",2010,0.975,"BWA","Observed"
"609",2010,1.001,"BRA","Observed"
"610",2010,0.978,"BRN","Observed"
"611",2010,0.991,"BGR","Observed"
"612",2010,0.829,"BFA","Observed"
"613",2010,0.907,"BDI","Observed"
"615",2010,0.901,"KHM","Observed"
"616",2010,0.852,"CMR","Observed"
"617",2010,0.982,"CAN","Observed"
"618",2010,0.751,"CAF","Observed"
"619",2010,0.755,"TCD","Observed"
"620",2010,0.956,"CHL","Observed"
"621",2010,0.939,"CHN","Observed"
"622",2010,0.993,"COL","Observed"
"623",2010,0.862,"COM","Observed"
"624",2010,0.913,"COG","Observed"
"625",2010,0.803,"COD","Observed"
"626",2010,0.965,"CRI","Observed"
"627",2010,0.988,"HRV","Observed"
"628",2010,0.965,"CUB","Observed"
"629",2010,0.962,"CYP","Observed"
"630",2010,0.974,"CZE","Observed"
"631",2010,0.745,"CIV","Observed"
"632",2010,0.991,"DNK","Observed"
"633",2010,0.985,"DOM","Observed"
"635",2010,0.843,"EGY","Observed"
"636",2010,0.971,"SLV","Observed"
"637",2010,1.028,"EST","Observed"
"638",2010,0.92,"SWZ","Observed"
"639",2010,0.822,"ETH","Observed"
"641",2010,1.006,"FIN","Observed"
"642",2010,0.99,"FRA","Observed"
"643",2010,0.909,"GAB","Observed"
"644",2010,0.808,"GMB","Observed"
"645",2010,0.957,"GEO","Observed"
"646",2010,0.964,"DEU","Observed"
"647",2010,0.886,"GHA","Observed"
"648",2010,0.963,"GRC","Observed"
"649",2010,0.912,"GTM","Observed"
"650",2010,0.803,"GIN","Observed"
"651",2010,0.951,"GUY","Observed"
"653",2010,0.972,"HND","Observed"
"654",2010,0.966,"HKG","Observed"
"655",2010,0.993,"HUN","Observed"
"656",2010,0.983,"ISL","Observed"
"657",2010,0.794,"IND","Observed"
"658",2010,0.924,"IDN","Observed"
"659",2010,0.872,"IRN","Observed"
"660",2010,0.81,"IRQ","Observed"
"661",2010,0.976,"IRL","Observed"
"662",2010,0.969,"ISR","Observed"
"663",2010,0.97,"ITA","Observed"
"664",2010,0.983,"JAM","Observed"
"665",2010,0.959,"JPN","Observed"
"666",2010,0.851,"JOR","Observed"
"667",2010,1.008,"KAZ","Observed"
"668",2010,0.951,"KEN","Observed"
"669",2010,0.926,"KOR","Observed"
"670",2010,0.985,"KWT","Observed"
"671",2010,0.959,"KGZ","Observed"
"672",2010,0.902,"LAO","Observed"
"673",2010,1.038,"LVA","Observed"
"674",2010,0.89,"LBN","Observed"
"675",2010,0.998,"LSO","Observed"
"676",2010,0.853,"LBR","Observed"
"677",2010,0.951,"LBY","Observed"
"678",2010,1.039,"LTU","Observed"
"679",2010,0.973,"LUX","Observed"
"680",2010,0.939,"MDG","Observed"
"681",2010,0.904,"MWI","Observed"
"682",2010,0.958,"MYS","Observed"
"683",2010,0.933,"MDV","Observed"
"684",2010,0.798,"MLI","Observed"
"685",2010,0.923,"MLT","Observed"
"686",2010,0.825,"MRT","Observed"
"687",2010,0.941,"MUS","Observed"
"688",2010,0.948,"MEX","Observed"
"689",2010,1.008,"MDA","Observed"
"690",2010,1.021,"MNG","Observed"
"691",2010,0.954,"MNE","Observed"
"692",2010,0.823,"MAR","Observed"
"693",2010,0.889,"MOZ","Observed"
"695",2010,0.976,"NAM","Observed"
"696",2010,0.885,"NPL","Observed"
"697",2010,0.965,"NLD","Observed"
"698",2010,0.963,"NZL","Observed"
"699",2010,0.939,"NIC","Observed"
"701",2010,0.867,"NGA","Observed"
"702",2010,0.996,"NOR","Observed"
"703",2010,0.909,"OMN","Observed"
"704",2010,0.72,"PAK","Observed"
"705",2010,0.839,"PSE","Observed"
"706",2010,0.989,"PAN","Observed"
"708",2010,0.949,"PRY","Observed"
"709",2010,0.935,"PER","Observed"
"710",2010,0.986,"PHL","Observed"
"711",2010,1.009,"POL","Observed"
"712",2010,0.994,"PRT","Observed"
"713",2010,0.983,"QAT","Observed"
"714",2010,0.986,"ROU","Observed"
"715",2010,1.032,"RUS","Observed"
"716",2010,0.953,"RWA","Observed"
"717",2010,0.989,"LCA","Observed"
"718",2010,0.871,"STP","Observed"
"719",2010,0.875,"SAU","Observed"
"720",2010,0.864,"SEN","Observed"
"721",2010,0.97,"SRB","Observed"
"722",2010,0.848,"SLE","Observed"
"723",2010,0.969,"SGP","Observed"
"724",2010,0.991,"SVK","Observed"
"725",2010,1.006,"SVN","Observed"
"726",2010,0.977,"ZAF","Observed"
"727",2010,0.827,"SSD","Observed"
"728",2010,0.979,"ESP","Observed"
"729",2010,0.927,"LKA","Observed"
"730",2010,0.8,"SDN","Observed"
"731",2010,0.972,"SUR","Observed"
"732",2010,0.996,"SWE","Observed"
"733",2010,0.984,"CHE","Observed"
"734",2010,0.834,"SYR","Observed"
"735",2010,0.838,"TJK","Observed"
"736",2010,0.922,"TZA","Observed"
"737",2010,0.997,"THA","Observed"
"738",2010,0.796,"MKD","Observed"
"739",2010,0.883,"TLS","Observed"
"740",2010,0.784,"TGO","Observed"
"741",2010,0.953,"TON","Observed"
"742",2010,0.995,"TTO","Observed"
"743",2010,0.887,"TUN","Observed"
"744",2010,0.903,"TUR","Observed"
"745",2010,0.857,"UGA","Observed"
"746",2010,1.008,"UKR","Observed"
"748",2010,0.957,"GBR","Observed"
"749",2010,0.996,"USA","Observed"
"750",2010,1.005,"URY","Observed"
"752",2010,1.025,"VEN","Observed"
"753",2010,0.992,"VNM","Observed"
"754",2010,0.667,"YEM","Observed"
"755",2010,0.906,"ZMB","Observed"
"756",2010,0.915,"ZWE","Observed"
"785",2011,0.581,"AFG","Observed"
"786",2011,0.955,"ALB","Observed"
"787",2011,0.838,"DZA","Observed"
"788",2011,1,"ARG","Observed"
"789",2011,0.965,"ARM","Observed"
"790",2011,0.97,"AUS","Observed"
"791",2011,0.96,"AUT","Observed"
"792",2011,0.947,"AZE","Observed"
"794",2011,0.981,"BHR","Observed"
"795",2011,0.835,"BGD","Observed"
"796",2011,1.02,"BRB","Observed"
"797",2011,1.027,"BLR","Observed"
"798",2011,0.97,"BEL","Observed"
"799",2011,0.961,"BLZ","Observed"
"800",2011,0.837,"BEN","Observed"
"801",2011,0.902,"BTN","Observed"
"802",2011,0.921,"BOL","Observed"
"803",2011,0.93,"BIH","Observed"
"804",2011,0.985,"BWA","Observed"
"805",2011,1.008,"BRA","Observed"
"806",2011,0.983,"BRN","Observed"
"807",2011,0.991,"BGR","Observed"
"808",2011,0.835,"BFA","Observed"
"809",2011,0.98,"BDI","Observed"
"811",2011,0.902,"KHM","Observed"
"812",2011,0.854,"CMR","Observed"
"813",2011,0.983,"CAN","Observed"
"814",2011,0.759,"CAF","Observed"
"815",2011,0.765,"TCD","Observed"
"816",2011,0.959,"CHL","Observed"
"817",2011,0.942,"CHN","Observed"
"818",2011,0.993,"COL","Observed"
"819",2011,0.863,"COM","Observed"
"820",2011,0.919,"COG","Observed"
"821",2011,0.805,"COD","Observed"
"822",2011,0.97,"CRI","Observed"
"823",2011,0.986,"HRV","Observed"
"824",2011,0.963,"CUB","Observed"
"825",2011,0.969,"CYP","Observed"
"826",2011,0.978,"CZE","Observed"
"827",2011,0.749,"CIV","Observed"
"828",2011,0.982,"DNK","Observed"
"829",2011,0.992,"DOM","Observed"
"831",2011,0.868,"EGY","Observed"
"832",2011,0.964,"SLV","Observed"
"833",2011,1.025,"EST","Observed"
"834",2011,0.926,"SWZ","Observed"
"835",2011,0.827,"ETH","Observed"
"837",2011,1.003,"FIN","Observed"
"838",2011,0.99,"FRA","Observed"
"839",2011,0.905,"GAB","Observed"
"840",2011,0.807,"GMB","Observed"
"841",2011,0.958,"GEO","Observed"
"842",2011,0.964,"DEU","Observed"
"843",2011,0.889,"GHA","Observed"
"844",2011,0.963,"GRC","Observed"
"845",2011,0.904,"GTM","Observed"
"846",2011,0.799,"GIN","Observed"
"847",2011,0.949,"GUY","Observed"
"849",2011,0.966,"HND","Observed"
"850",2011,0.963,"HKG","Observed"
"851",2011,0.992,"HUN","Observed"
"852",2011,0.982,"ISL","Observed"
"853",2011,0.801,"IND","Observed"
"854",2011,0.926,"IDN","Observed"
"855",2011,0.869,"IRN","Observed"
"856",2011,0.815,"IRQ","Observed"
"857",2011,0.976,"IRL","Observed"
"858",2011,0.969,"ISR","Observed"
"859",2011,0.971,"ITA","Observed"
"860",2011,0.983,"JAM","Observed"
"861",2011,0.962,"JPN","Observed"
"862",2011,0.853,"JOR","Observed"
"863",2011,1.008,"KAZ","Observed"
"864",2011,0.922,"KEN","Observed"
"865",2011,0.927,"KOR","Observed"
"866",2011,0.983,"KWT","Observed"
"867",2011,0.959,"KGZ","Observed"
"868",2011,0.907,"LAO","Observed"
"869",2011,1.03,"LVA","Observed"
"870",2011,0.891,"LBN","Observed"
"871",2011,1.004,"LSO","Observed"
"872",2011,0.859,"LBR","Observed"
"873",2011,0.928,"LBY","Observed"
"874",2011,1.034,"LTU","Observed"
"875",2011,0.972,"LUX","Observed"
"876",2011,0.942,"MDG","Observed"
"877",2011,0.91,"MWI","Observed"
"878",2011,0.963,"MYS","Observed"
"879",2011,0.932,"MDV","Observed"
"880",2011,0.773,"MLI","Observed"
"881",2011,0.934,"MLT","Observed"
"882",2011,0.826,"MRT","Observed"
"883",2011,0.947,"MUS","Observed"
"884",2011,0.949,"MEX","Observed"
"885",2011,1.01,"MDA","Observed"
"886",2011,1.018,"MNG","Observed"
"887",2011,0.956,"MNE","Observed"
"888",2011,0.822,"MAR","Observed"
"889",2011,0.893,"MOZ","Observed"
"891",2011,0.982,"NAM","Observed"
"892",2011,0.89,"NPL","Observed"
"893",2011,0.968,"NLD","Observed"
"894",2011,0.964,"NZL","Observed"
"895",2011,0.941,"NIC","Observed"
"897",2011,0.868,"NGA","Observed"
"898",2011,0.996,"NOR","Observed"
"899",2011,0.917,"OMN","Observed"
"900",2011,0.72,"PAK","Observed"
"901",2011,0.853,"PSE","Observed"
"902",2011,0.989,"PAN","Observed"
"904",2011,0.977,"PRY","Observed"
"905",2011,0.939,"PER","Observed"
"906",2011,0.99,"PHL","Observed"
"907",2011,1.01,"POL","Observed"
"908",2011,0.989,"PRT","Observed"
"909",2011,0.996,"QAT","Observed"
"910",2011,0.985,"ROU","Observed"
"911",2011,1.024,"RUS","Observed"
"912",2011,0.942,"RWA","Observed"
"913",2011,0.988,"LCA","Observed"
"914",2011,0.867,"STP","Observed"
"915",2011,0.881,"SAU","Observed"
"916",2011,0.881,"SEN","Observed"
"917",2011,0.97,"SRB","Observed"
"918",2011,0.853,"SLE","Observed"
"919",2011,0.977,"SGP","Observed"
"920",2011,0.988,"SVK","Observed"
"921",2011,1.011,"SVN","Observed"
"922",2011,0.986,"ZAF","Observed"
"923",2011,0.828,"SSD","Observed"
"924",2011,0.979,"ESP","Observed"
"925",2011,0.928,"LKA","Observed"
"926",2011,0.805,"SDN","Observed"
"927",2011,0.974,"SUR","Observed"
"928",2011,0.996,"SWE","Observed"
"929",2011,0.983,"CHE","Observed"
"930",2011,0.84,"SYR","Observed"
"931",2011,0.839,"TJK","Observed"
"932",2011,0.925,"TZA","Observed"
"933",2011,1.005,"THA","Observed"
"934",2011,0.943,"MKD","Observed"
"935",2011,0.884,"TLS","Observed"
"936",2011,0.784,"TGO","Observed"
"937",2011,0.954,"TON","Observed"
"938",2011,1.009,"TTO","Observed"
"939",2011,0.884,"TUN","Observed"
"940",2011,0.909,"TUR","Observed"
"941",2011,0.86,"UGA","Observed"
"942",2011,1.001,"UKR","Observed"
"943",2011,0.949,"ARE","Observed"
"944",2011,0.955,"GBR","Observed"
"945",2011,0.996,"USA","Observed"
"946",2011,1.008,"URY","Observed"
"948",2011,1.025,"VEN","Observed"
"949",2011,1.002,"VNM","Observed"
"950",2011,0.65,"YEM","Observed"
"951",2011,0.913,"ZMB","Observed"
"952",2011,0.921,"ZWE","Observed"
"981",2012,0.595,"AFG","Observed"
"982",2012,0.964,"ALB","Observed"
"983",2012,0.841,"DZA","Observed"
"984",2012,0.998,"ARG","Observed"
"985",2012,0.967,"ARM","Observed"
"986",2012,0.975,"AUS","Observed"
"987",2012,0.961,"AUT","Observed"
"988",2012,0.942,"AZE","Observed"
"990",2012,0.951,"BHR","Observed"
"991",2012,0.843,"BGD","Observed"
"992",2012,1.024,"BRB","Observed"
"993",2012,1.026,"BLR","Observed"
"994",2012,0.97,"BEL","Observed"
"995",2012,0.974,"BLZ","Observed"
"996",2012,0.846,"BEN","Observed"
"997",2012,0.908,"BTN","Observed"
"998",2012,0.921,"BOL","Observed"
"999",2012,0.916,"BIH","Observed"
"1000",2012,0.987,"BWA","Observed"
"1001",2012,1.014,"BRA","Observed"
"1002",2012,0.987,"BRN","Observed"
"1003",2012,0.991,"BGR","Observed"
"1004",2012,0.844,"BFA","Observed"
"1005",2012,0.986,"BDI","Observed"
"1007",2012,0.907,"KHM","Observed"
"1008",2012,0.86,"CMR","Observed"
"1009",2012,0.984,"CAN","Observed"
"1010",2012,0.765,"CAF","Observed"
"1011",2012,0.767,"TCD","Observed"
"1012",2012,0.961,"CHL","Observed"
"1013",2012,0.945,"CHN","Observed"
"1014",2012,0.994,"COL","Observed"
"1015",2012,0.865,"COM","Observed"
"1016",2012,0.924,"COG","Observed"
"1017",2012,0.81,"COD","Observed"
"1018",2012,0.973,"CRI","Observed"
"1019",2012,0.988,"HRV","Observed"
"1020",2012,0.958,"CUB","Observed"
"1021",2012,0.974,"CYP","Observed"
"1022",2012,0.98,"CZE","Observed"
"1023",2012,0.757,"CIV","Observed"
"1024",2012,0.981,"DNK","Observed"
"1025",2012,0.995,"DOM","Observed"
"1026",2012,0.96,"ECU","Observed"
"1027",2012,0.794,"EGY","Observed"
"1028",2012,0.96,"SLV","Observed"
"1029",2012,1.023,"EST","Observed"
"1030",2012,0.931,"SWZ","Observed"
"1031",2012,0.832,"ETH","Observed"
"1033",2012,1.004,"FIN","Observed"
"1034",2012,0.991,"FRA","Observed"
"1035",2012,0.906,"GAB","Observed"
"1036",2012,0.813,"GMB","Observed"
"1037",2012,0.964,"GEO","Observed"
"1038",2012,0.963,"DEU","Observed"
"1039",2012,0.891,"GHA","Observed"
"1040",2012,0.964,"GRC","Observed"
"1041",2012,0.923,"GTM","Observed"
"1042",2012,0.795,"GIN","Observed"
"1043",2012,0.947,"GUY","Observed"
"1044",2012,0.871,"HTI","Observed"
"1045",2012,0.962,"HND","Observed"
"1046",2012,0.966,"HKG","Observed"
"1047",2012,0.99,"HUN","Observed"
"1048",2012,0.979,"ISL","Observed"
"1049",2012,0.812,"IND","Observed"
"1050",2012,0.928,"IDN","Observed"
"1051",2012,0.864,"IRN","Observed"
"1052",2012,0.816,"IRQ","Observed"
"1053",2012,0.978,"IRL","Observed"
"1054",2012,0.971,"ISR","Observed"
"1055",2012,0.972,"ITA","Observed"
"1056",2012,0.982,"JAM","Observed"
"1057",2012,0.964,"JPN","Observed"
"1058",2012,0.849,"JOR","Observed"
"1059",2012,1.01,"KAZ","Observed"
"1060",2012,0.924,"KEN","Observed"
"1061",2012,0.928,"KOR","Observed"
"1062",2012,0.979,"KWT","Observed"
"1063",2012,0.959,"KGZ","Observed"
"1064",2012,0.914,"LAO","Observed"
"1065",2012,1.026,"LVA","Observed"
"1066",2012,0.896,"LBN","Observed"
"1067",2012,1.007,"LSO","Observed"
"1068",2012,0.866,"LBR","Observed"
"1069",2012,0.948,"LBY","Observed"
"1070",2012,1.033,"LTU","Observed"
"1071",2012,0.972,"LUX","Observed"
"1072",2012,0.942,"MDG","Observed"
"1073",2012,0.915,"MWI","Observed"
"1074",2012,0.966,"MYS","Observed"
"1075",2012,0.929,"MDV","Observed"
"1076",2012,0.776,"MLI","Observed"
"1077",2012,0.94,"MLT","Observed"
"1078",2012,0.828,"MRT","Observed"
"1079",2012,0.954,"MUS","Observed"
"1080",2012,0.948,"MEX","Observed"
"1081",2012,1.012,"MDA","Observed"
"1082",2012,1.027,"MNG","Observed"
"1083",2012,0.955,"MNE","Observed"
"1084",2012,0.821,"MAR","Observed"
"1085",2012,0.897,"MOZ","Observed"
"1087",2012,0.987,"NAM","Observed"
"1088",2012,0.903,"NPL","Observed"
"1089",2012,0.967,"NLD","Observed"
"1090",2012,0.964,"NZL","Observed"
"1091",2012,0.943,"NIC","Observed"
"1092",2012,0.218,"NER","Observed"
"1093",2012,0.862,"NGA","Observed"
"1094",2012,0.996,"NOR","Observed"
"1095",2012,0.929,"OMN","Observed"
"1096",2012,0.732,"PAK","Observed"
"1097",2012,0.86,"PSE","Observed"
"1098",2012,0.995,"PAN","Observed"
"1100",2012,0.97,"PRY","Observed"
"1101",2012,0.944,"PER","Observed"
"1102",2012,0.991,"PHL","Observed"
"1103",2012,1.008,"POL","Observed"
"1104",2012,0.989,"PRT","Observed"
"1105",2012,1.033,"QAT","Observed"
"1106",2012,0.983,"ROU","Observed"
"1107",2012,1.021,"RUS","Observed"
"1108",2012,0.936,"RWA","Observed"
"1109",2012,0.989,"LCA","Observed"
"1110",2012,0.886,"STP","Observed"
"1111",2012,0.884,"SAU","Observed"
"1112",2012,0.885,"SEN","Observed"
"1113",2012,0.969,"SRB","Observed"
"1114",2012,0.861,"SLE","Observed"
"1115",2012,0.976,"SGP","Observed"
"1116",2012,0.989,"SVK","Observed"
"1117",2012,1.005,"SVN","Observed"
"1118",2012,0.979,"ZAF","Observed"
"1119",2012,0.823,"SSD","Observed"
"1120",2012,0.979,"ESP","Observed"
"1121",2012,0.929,"LKA","Observed"
"1122",2012,0.812,"SDN","Observed"
"1123",2012,0.975,"SUR","Observed"
"1124",2012,1,"SWE","Observed"
"1125",2012,0.989,"CHE","Observed"
"1126",2012,0.835,"SYR","Observed"
"1127",2012,0.841,"TJK","Observed"
"1128",2012,0.942,"TZA","Observed"
"1129",2012,1.004,"THA","Observed"
"1130",2012,0.946,"MKD","Observed"
"1131",2012,0.877,"TLS","Observed"
"1132",2012,0.786,"TGO","Observed"
"1133",2012,0.955,"TON","Observed"
"1134",2012,1.008,"TTO","Observed"
"1135",2012,0.888,"TUN","Observed"
"1136",2012,0.914,"TUR","Observed"
"1137",2012,0.863,"UGA","Observed"
"1138",2012,0.999,"UKR","Observed"
"1139",2012,0.95,"ARE","Observed"
"1140",2012,0.958,"GBR","Observed"
"1141",2012,0.994,"USA","Observed"
"1142",2012,1.01,"URY","Observed"
"1144",2012,1.027,"VEN","Observed"
"1145",2012,1.006,"VNM","Observed"
"1146",2012,0.641,"YEM","Observed"
"1147",2012,0.92,"ZMB","Observed"
"1148",2012,0.927,"ZWE","Observed"
"1177",2013,0.602,"AFG","Observed"
"1178",2013,0.961,"ALB","Observed"
"1179",2013,0.844,"DZA","Observed"
"1180",2013,0.998,"ARG","Observed"
"1181",2013,0.971,"ARM","Observed"
"1182",2013,0.975,"AUS","Observed"
"1183",2013,0.962,"AUT","Observed"
"1184",2013,0.952,"AZE","Observed"
"1186",2013,0.949,"BHR","Observed"
"1187",2013,0.865,"BGD","Observed"
"1188",2013,1.022,"BRB","Observed"
"1189",2013,1.025,"BLR","Observed"
"1190",2013,0.971,"BEL","Observed"
"1191",2013,0.973,"BLZ","Observed"
"1192",2013,0.855,"BEN","Observed"
"1193",2013,0.892,"BTN","Observed"
"1194",2013,0.922,"BOL","Observed"
"1195",2013,0.914,"BIH","Observed"
"1196",2013,0.99,"BWA","Observed"
"1197",2013,1.003,"BRA","Observed"
"1198",2013,0.99,"BRN","Observed"
"1199",2013,0.991,"BGR","Observed"
"1200",2013,0.853,"BFA","Observed"
"1201",2013,0.989,"BDI","Observed"
"1203",2013,0.909,"KHM","Observed"
"1204",2013,0.862,"CMR","Observed"
"1205",2013,0.985,"CAN","Observed"
"1206",2013,0.756,"CAF","Observed"
"1207",2013,0.768,"TCD","Observed"
"1208",2013,0.957,"CHL","Observed"
"1209",2013,0.949,"CHN","Observed"
"1210",2013,0.996,"COL","Observed"
"1211",2013,0.869,"COM","Observed"
"1212",2013,0.927,"COG","Observed"
"1213",2013,0.807,"COD","Observed"
"1214",2013,0.975,"CRI","Observed"
"1215",2013,0.993,"HRV","Observed"
"1216",2013,0.958,"CUB","Observed"
"1217",2013,0.976,"CYP","Observed"
"1218",2013,0.985,"CZE","Observed"
"1219",2013,0.769,"CIV","Observed"
"1220",2013,0.981,"DNK","Observed"
"1221",2013,0.994,"DOM","Observed"
"1222",2013,0.963,"ECU","Observed"
"1223",2013,0.837,"EGY","Observed"
"1224",2013,0.976,"SLV","Observed"
"1225",2013,1.021,"EST","Observed"
"1226",2013,0.943,"SWZ","Observed"
"1227",2013,0.834,"ETH","Observed"
"1229",2013,1.001,"FIN","Observed"
"1230",2013,0.99,"FRA","Observed"
"1231",2013,0.906,"GAB","Observed"
"1232",2013,0.817,"GMB","Observed"
"1233",2013,0.971,"GEO","Observed"
"1234",2013,0.965,"DEU","Observed"
"1235",2013,0.894,"GHA","Observed"
"1236",2013,0.963,"GRC","Observed"
"1237",2013,0.923,"GTM","Observed"
"1238",2013,0.799,"GIN","Observed"
"1239",2013,0.945,"GUY","Observed"
"1240",2013,0.877,"HTI","Observed"
"1241",2013,0.969,"HND","Observed"
"1242",2013,0.966,"HKG","Observed"
"1243",2013,0.991,"HUN","Observed"
"1244",2013,0.977,"ISL","Observed"
"1245",2013,0.825,"IND","Observed"
"1246",2013,0.925,"IDN","Observed"
"1247",2013,0.858,"IRN","Observed"
"1248",2013,0.818,"IRQ","Observed"
"1249",2013,0.98,"IRL","Observed"
"1250",2013,0.972,"ISR","Observed"
"1251",2013,0.968,"ITA","Observed"
"1252",2013,0.982,"JAM","Observed"
"1253",2013,0.968,"JPN","Observed"
"1254",2013,0.847,"JOR","Observed"
"1255",2013,1.01,"KAZ","Observed"
"1256",2013,0.927,"KEN","Observed"
"1257",2013,0.93,"KOR","Observed"
"1258",2013,0.994,"KWT","Observed"
"1259",2013,0.958,"KGZ","Observed"
"1260",2013,0.92,"LAO","Observed"
"1261",2013,1.022,"LVA","Observed"
"1262",2013,0.894,"LBN","Observed"
"1263",2013,1.009,"LSO","Observed"
"1264",2013,0.873,"LBR","Observed"
"1265",2013,0.933,"LBY","Observed"
"1266",2013,1.028,"LTU","Observed"
"1267",2013,0.971,"LUX","Observed"
"1268",2013,0.942,"MDG","Observed"
"1269",2013,0.92,"MWI","Observed"
"1270",2013,0.972,"MYS","Observed"
"1271",2013,0.929,"MDV","Observed"
"1272",2013,0.781,"MLI","Observed"
"1273",2013,0.95,"MLT","Observed"
"1274",2013,0.837,"MRT","Observed"
"1275",2013,0.959,"MUS","Observed"
"1276",2013,0.951,"MEX","Observed"
"1277",2013,1.008,"MDA","Observed"
"1278",2013,1.018,"MNG","Observed"
"1279",2013,0.956,"MNE","Observed"
"1280",2013,0.823,"MAR","Observed"
"1281",2013,0.901,"MOZ","Observed"
"1283",2013,0.994,"NAM","Observed"
"1284",2013,0.91,"NPL","Observed"
"1285",2013,0.966,"NLD","Observed"
"1286",2013,0.965,"NZL","Observed"
"1287",2013,0.945,"NIC","Observed"
"1288",2013,0.23,"NER","Observed"
"1289",2013,0.864,"NGA","Observed"
"1290",2013,0.994,"NOR","Observed"
"1291",2013,0.94,"OMN","Observed"
"1292",2013,0.734,"PAK","Observed"
"1293",2013,0.861,"PSE","Observed"
"1294",2013,0.999,"PAN","Observed"
"1296",2013,0.949,"PRY","Observed"
"1297",2013,0.947,"PER","Observed"
"1298",2013,0.99,"PHL","Observed"
"1299",2013,1.008,"POL","Observed"
"1300",2013,0.985,"PRT","Observed"
"1301",2013,1.025,"QAT","Observed"
"1302",2013,0.985,"ROU","Observed"
"1303",2013,1.02,"RUS","Observed"
"1304",2013,0.939,"RWA","Observed"
"1305",2013,0.988,"LCA","Observed"
"1306",2013,0.89,"STP","Observed"
"1307",2013,0.881,"SAU","Observed"
"1308",2013,0.89,"SEN","Observed"
"1309",2013,0.974,"SRB","Observed"
"1310",2013,0.867,"SLE","Observed"
"1311",2013,0.978,"SGP","Observed"
"1312",2013,0.989,"SVK","Observed"
"1313",2013,0.996,"SVN","Observed"
"1314",2013,0.983,"ZAF","Observed"
"1315",2013,0.824,"SSD","Observed"
"1316",2013,0.979,"ESP","Observed"
"1317",2013,0.935,"LKA","Observed"
"1318",2013,0.81,"SDN","Observed"
"1319",2013,0.976,"SUR","Observed"
"1320",2013,0.997,"SWE","Observed"
"1321",2013,0.989,"CHE","Observed"
"1322",2013,0.821,"SYR","Observed"
"1323",2013,0.919,"TJK","Observed"
"1324",2013,0.945,"TZA","Observed"
"1325",2013,1.002,"THA","Observed"
"1326",2013,0.947,"MKD","Observed"
"1327",2013,0.848,"TLS","Observed"
"1328",2013,0.788,"TGO","Observed"
"1329",2013,0.951,"TON","Observed"
"1330",2013,1.01,"TTO","Observed"
"1331",2013,0.89,"TUN","Observed"
"1332",2013,0.917,"TUR","Observed"
"1333",2013,0.861,"UGA","Observed"
"1334",2013,0.999,"UKR","Observed"
"1335",2013,0.96,"ARE","Observed"
"1336",2013,0.951,"GBR","Observed"
"1337",2013,0.991,"USA","Observed"
"1338",2013,1.007,"URY","Observed"
"1339",2013,0.946,"UZB","Observed"
"1340",2013,1.028,"VEN","Observed"
"1341",2013,1.008,"VNM","Observed"
"1342",2013,0.619,"YEM","Observed"
"1343",2013,0.926,"ZMB","Observed"
"1344",2013,0.931,"ZWE","Observed"
"1373",2014,0.608,"AFG","Observed"
"1374",2014,0.96,"ALB","Observed"
"1375",2014,0.841,"DZA","Observed"
"1376",2014,0.996,"ARG","Observed"
"1377",2014,0.971,"ARM","Observed"
"1378",2014,0.975,"AUS","Observed"
"1379",2014,0.971,"AUT","Observed"
"1380",2014,0.955,"AZE","Observed"
"1382",2014,0.945,"BHR","Observed"
"1383",2014,0.876,"BGD","Observed"
"1384",2014,1.02,"BRB","Observed"
"1385",2014,1.025,"BLR","Observed"
"1386",2014,0.971,"BEL","Observed"
"1387",2014,0.972,"BLZ","Observed"
"1388",2014,0.86,"BEN","Observed"
"1389",2014,0.886,"BTN","Observed"
"1390",2014,0.926,"BOL","Observed"
"1391",2014,0.912,"BIH","Observed"
"1392",2014,0.992,"BWA","Observed"
"1393",2014,1.008,"BRA","Observed"
"1394",2014,0.99,"BRN","Observed"
"1395",2014,0.991,"BGR","Observed"
"1396",2014,0.86,"BFA","Observed"
"1397",2014,0.993,"BDI","Observed"
"1399",2014,0.912,"KHM","Observed"
"1400",2014,0.864,"CMR","Observed"
"1401",2014,0.985,"CAN","Observed"
"1402",2014,0.762,"CAF","Observed"
"1403",2014,0.769,"TCD","Observed"
"1404",2014,0.959,"CHL","Observed"
"1405",2014,0.953,"CHN","Observed"
"1406",2014,0.992,"COL","Observed"
"1407",2014,0.871,"COM","Observed"
"1408",2014,0.931,"COG","Observed"
"1409",2014,0.82,"COD","Observed"
"1410",2014,0.976,"CRI","Observed"
"1411",2014,0.996,"HRV","Observed"
"1412",2014,0.949,"CUB","Observed"
"1413",2014,0.982,"CYP","Observed"
"1414",2014,0.983,"CZE","Observed"
"1415",2014,0.781,"CIV","Observed"
"1416",2014,0.974,"DNK","Observed"
"1417",2014,0.995,"DOM","Observed"
"1418",2014,0.966,"ECU","Observed"
"1419",2014,0.842,"EGY","Observed"
"1420",2014,0.972,"SLV","Observed"
"1421",2014,1.019,"EST","Observed"
"1422",2014,0.945,"SWZ","Observed"
"1423",2014,0.838,"ETH","Observed"
"1425",2014,1.001,"FIN","Observed"
"1426",2014,0.988,"FRA","Observed"
"1427",2014,0.91,"GAB","Observed"
"1428",2014,0.819,"GMB","Observed"
"1429",2014,0.975,"GEO","Observed"
"1430",2014,0.966,"DEU","Observed"
"1431",2014,0.898,"GHA","Observed"
"1432",2014,0.963,"GRC","Observed"
"1433",2014,0.943,"GTM","Observed"
"1434",2014,0.805,"GIN","Observed"
"1435",2014,0.945,"GUY","Observed"
"1436",2014,0.882,"HTI","Observed"
"1437",2014,0.971,"HND","Observed"
"1438",2014,0.966,"HKG","Observed"
"1439",2014,0.988,"HUN","Observed"
"1440",2014,0.971,"ISL","Observed"
"1441",2014,0.832,"IND","Observed"
"1442",2014,0.926,"IDN","Observed"
"1443",2014,0.857,"IRN","Observed"
"1444",2014,0.82,"IRQ","Observed"
"1445",2014,0.982,"IRL","Observed"
"1446",2014,0.972,"ISR","Observed"
"1447",2014,0.968,"ITA","Observed"
"1448",2014,0.98,"JAM","Observed"
"1449",2014,0.971,"JPN","Observed"
"1450",2014,0.851,"JOR","Observed"
"1451",2014,1.007,"KAZ","Observed"
"1452",2014,0.929,"KEN","Observed"
"1453",2014,0.931,"KOR","Observed"
"1454",2014,0.992,"KWT","Observed"
"1455",2014,0.961,"KGZ","Observed"
"1456",2014,0.925,"LAO","Observed"
"1457",2014,1.011,"LVA","Observed"
"1458",2014,0.891,"LBN","Observed"
"1459",2014,1.011,"LSO","Observed"
"1460",2014,0.834,"LBR","Observed"
"1461",2014,0.925,"LBY","Observed"
"1462",2014,1.028,"LTU","Observed"
"1463",2014,0.974,"LUX","Observed"
"1464",2014,0.943,"MDG","Observed"
"1465",2014,0.927,"MWI","Observed"
"1466",2014,0.975,"MYS","Observed"
"1467",2014,0.93,"MDV","Observed"
"1468",2014,0.789,"MLI","Observed"
"1469",2014,0.954,"MLT","Observed"
"1470",2014,0.84,"MRT","Observed"
"1471",2014,0.963,"MUS","Observed"
"1472",2014,0.951,"MEX","Observed"
"1473",2014,1.006,"MDA","Observed"
"1474",2014,1.025,"MNG","Observed"
"1475",2014,0.955,"MNE","Observed"
"1476",2014,0.825,"MAR","Observed"
"1477",2014,0.903,"MOZ","Observed"
"1479",2014,1.003,"NAM","Observed"
"1480",2014,0.915,"NPL","Observed"
"1481",2014,0.965,"NLD","Observed"
"1482",2014,0.965,"NZL","Observed"
"1483",2014,0.946,"NIC","Observed"
"1484",2014,0.277,"NER","Observed"
"1485",2014,0.865,"NGA","Observed"
"1486",2014,0.993,"NOR","Observed"
"1487",2014,0.943,"OMN","Observed"
"1488",2014,0.736,"PAK","Observed"
"1489",2014,0.865,"PSE","Observed"
"1490",2014,1.004,"PAN","Observed"
"1492",2014,0.978,"PRY","Observed"
"1493",2014,0.949,"PER","Observed"
"1494",2014,0.994,"PHL","Observed"
"1495",2014,1.007,"POL","Observed"
"1496",2014,0.984,"PRT","Observed"
"1497",2014,1.028,"QAT","Observed"
"1498",2014,0.987,"ROU","Observed"
"1499",2014,1.019,"RUS","Observed"
"1500",2014,0.942,"RWA","Observed"
"1501",2014,0.987,"LCA","Observed"
"1502",2014,0.887,"STP","Observed"
"1503",2014,0.878,"SAU","Observed"
"1504",2014,0.896,"SEN","Observed"
"1505",2014,0.972,"SRB","Observed"
"1506",2014,0.869,"SLE","Observed"
"1507",2014,0.978,"SGP","Observed"
"1508",2014,0.989,"SVK","Observed"
"1509",2014,1,"SVN","Observed"
"1510",2014,0.986,"ZAF","Observed"
"1511",2014,0.826,"SSD","Observed"
"1512",2014,0.977,"ESP","Observed"
"1513",2014,0.934,"LKA","Observed"
"1514",2014,0.824,"SDN","Observed"
"1515",2014,0.977,"SUR","Observed"
"1516",2014,0.996,"SWE","Observed"
"1517",2014,0.988,"CHE","Observed"
"1518",2014,0.81,"SYR","Observed"
"1519",2014,0.918,"TJK","Observed"
"1520",2014,0.926,"TZA","Observed"
"1521",2014,0.999,"THA","Observed"
"1522",2014,0.945,"MKD","Observed"
"1523",2014,0.848,"TLS","Observed"
"1524",2014,0.797,"TGO","Observed"
"1525",2014,0.951,"TON","Observed"
"1526",2014,1.01,"TTO","Observed"
"1527",2014,0.893,"TUN","Observed"
"1528",2014,0.918,"TUR","Observed"
"1529",2014,0.862,"UGA","Observed"
"1530",2014,0.996,"UKR","Observed"
"1531",2014,0.963,"ARE","Observed"
"1532",2014,0.955,"GBR","Observed"
"1533",2014,0.993,"USA","Observed"
"1534",2014,1.009,"URY","Observed"
"1535",2014,0.947,"UZB","Observed"
"1536",2014,1.029,"VEN","Observed"
"1537",2014,1.009,"VNM","Observed"
"1538",2014,0.6,"YEM","Observed"
"1539",2014,0.933,"ZMB","Observed"
"1540",2014,0.926,"ZWE","Observed"
"1569",2015,0.614,"AFG","Observed"
"1570",2015,0.968,"ALB","Observed"
"1571",2015,0.859,"DZA","Observed"
"1572",2015,0.999,"ARG","Observed"
"1573",2015,0.974,"ARM","Observed"
"1574",2015,0.975,"AUS","Observed"
"1575",2015,0.972,"AUT","Observed"
"1576",2015,0.954,"AZE","Observed"
"1578",2015,0.937,"BHR","Observed"
"1579",2015,0.879,"BGD","Observed"
"1580",2015,1.016,"BRB","Observed"
"1581",2015,1.024,"BLR","Observed"
"1582",2015,0.97,"BEL","Observed"
"1583",2015,0.973,"BLZ","Observed"
"1584",2015,0.882,"BEN","Observed"
"1585",2015,0.889,"BTN","Observed"
"1586",2015,0.925,"BOL","Observed"
"1587",2015,0.913,"BIH","Observed"
"1588",2015,0.979,"BWA","Observed"
"1589",2015,1.018,"BRA","Observed"
"1590",2015,0.993,"BRN","Observed"
"1591",2015,0.991,"BGR","Observed"
"1592",2015,0.865,"BFA","Observed"
"1593",2015,0.999,"BDI","Observed"
"1594",2015,0.946,"CPV","Observed"
"1595",2015,0.912,"KHM","Observed"
"1596",2015,0.865,"CMR","Observed"
"1597",2015,0.985,"CAN","Observed"
"1598",2015,0.77,"CAF","Observed"
"1599",2015,0.789,"TCD","Observed"
"1600",2015,0.961,"CHL","Observed"
"1601",2015,0.956,"CHN","Observed"
"1602",2015,0.996,"COL","Observed"
"1603",2015,0.874,"COM","Observed"
"1604",2015,0.935,"COG","Observed"
"1605",2015,0.833,"COD","Observed"
"1606",2015,0.979,"CRI","Observed"
"1607",2015,0.99,"HRV","Observed"
"1608",2015,0.944,"CUB","Observed"
"1609",2015,0.988,"CYP","Observed"
"1610",2015,0.985,"CZE","Observed"
"1611",2015,0.789,"CIV","Observed"
"1612",2015,0.979,"DNK","Observed"
"1613",2015,1.002,"DOM","Observed"
"1614",2015,0.974,"ECU","Observed"
"1615",2015,0.852,"EGY","Observed"
"1616",2015,0.972,"SLV","Observed"
"1617",2015,1.02,"EST","Observed"
"1618",2015,0.945,"SWZ","Observed"
"1619",2015,0.844,"ETH","Observed"
"1621",2015,1.002,"FIN","Observed"
"1622",2015,0.988,"FRA","Observed"
"1623",2015,0.911,"GAB","Observed"
"1624",2015,0.82,"GMB","Observed"
"1625",2015,0.979,"GEO","Observed"
"1626",2015,0.967,"DEU","Observed"
"1627",2015,0.898,"GHA","Observed"
"1628",2015,0.963,"GRC","Observed"
"1629",2015,0.948,"GTM","Observed"
"1630",2015,0.806,"GIN","Observed"
"1631",2015,0.947,"GUY","Observed"
"1632",2015,0.881,"HTI","Observed"
"1633",2015,0.977,"HND","Observed"
"1634",2015,0.965,"HKG","Observed"
"1635",2015,0.986,"HUN","Observed"
"1636",2015,0.966,"ISL","Observed"
"1637",2015,0.832,"IND","Observed"
"1638",2015,0.928,"IDN","Observed"
"1639",2015,0.861,"IRN","Observed"
"1640",2015,0.819,"IRQ","Observed"
"1641",2015,0.979,"IRL","Observed"
"1642",2015,0.973,"ISR","Observed"
"1643",2015,0.967,"ITA","Observed"
"1644",2015,0.982,"JAM","Observed"
"1645",2015,0.972,"JPN","Observed"
"1646",2015,0.855,"JOR","Observed"
"1647",2015,1.007,"KAZ","Observed"
"1648",2015,0.931,"KEN","Observed"
"1649",2015,0.932,"KOR","Observed"
"1650",2015,0.989,"KWT","Observed"
"1651",2015,0.966,"KGZ","Observed"
"1652",2015,0.929,"LAO","Observed"
"1653",2015,1.029,"LVA","Observed"
"1654",2015,0.888,"LBN","Observed"
"1655",2015,1.01,"LSO","Observed"
"1656",2015,0.835,"LBR","Observed"
"1657",2015,0.924,"LBY","Observed"
"1658",2015,1.027,"LTU","Observed"
"1659",2015,0.968,"LUX","Observed"
"1660",2015,0.943,"MDG","Observed"
"1661",2015,0.933,"MWI","Observed"
"1662",2015,0.977,"MYS","Observed"
"1663",2015,0.921,"MDV","Observed"
"1664",2015,0.805,"MLI","Observed"
"1665",2015,0.96,"MLT","Observed"
"1666",2015,0.838,"MRT","Observed"
"1667",2015,0.965,"MUS","Observed"
"1668",2015,0.952,"MEX","Observed"
"1669",2015,1.006,"MDA","Observed"
"1670",2015,1.026,"MNG","Observed"
"1671",2015,0.956,"MNE","Observed"
"1672",2015,0.826,"MAR","Observed"
"1673",2015,0.904,"MOZ","Observed"
"1675",2015,1.003,"NAM","Observed"
"1676",2015,0.921,"NPL","Observed"
"1677",2015,0.966,"NLD","Observed"
"1678",2015,0.964,"NZL","Observed"
"1679",2015,0.946,"NIC","Observed"
"1680",2015,0.807,"NER","Observed"
"1681",2015,0.867,"NGA","Observed"
"1682",2015,0.992,"NOR","Observed"
"1683",2015,0.945,"OMN","Observed"
"1684",2015,0.743,"PAK","Observed"
"1685",2015,0.874,"PSE","Observed"
"1686",2015,1.004,"PAN","Observed"
"1688",2015,0.975,"PRY","Observed"
"1689",2015,0.945,"PER","Observed"
"1690",2015,0.995,"PHL","Observed"
"1691",2015,1.006,"POL","Observed"
"1692",2015,0.984,"PRT","Observed"
"1693",2015,1.03,"QAT","Observed"
"1694",2015,0.986,"ROU","Observed"
"1695",2015,1.02,"RUS","Observed"
"1696",2015,0.942,"RWA","Observed"
"1697",2015,0.99,"LCA","Observed"
"1698",2015,0.895,"STP","Observed"
"1699",2015,0.879,"SAU","Observed"
"1700",2015,0.901,"SEN","Observed"
"1701",2015,0.974,"SRB","Observed"
"1702",2015,0.868,"SLE","Observed"
"1703",2015,0.979,"SGP","Observed"
"1704",2015,0.99,"SVK","Observed"
"1705",2015,1.001,"SVN","Observed"
"1706",2015,0.984,"ZAF","Observed"
"1707",2015,0.827,"SSD","Observed"
"1708",2015,0.978,"ESP","Observed"
"1709",2015,0.935,"LKA","Observed"
"1710",2015,0.825,"SDN","Observed"
"1711",2015,0.976,"SUR","Observed"
"1712",2015,0.992,"SWE","Observed"
"1713",2015,0.988,"CHE","Observed"
"1714",2015,0.802,"SYR","Observed"
"1715",2015,0.917,"TJK","Observed"
"1716",2015,0.924,"TZA","Observed"
"1717",2015,0.999,"THA","Observed"
"1718",2015,0.948,"MKD","Observed"
"1719",2015,0.857,"TLS","Observed"
"1720",2015,0.821,"TGO","Observed"
"1721",2015,0.951,"TON","Observed"
"1722",2015,1.014,"TTO","Observed"
"1723",2015,0.895,"TUN","Observed"
"1724",2015,0.92,"TUR","Observed"
"1725",2015,0.865,"UGA","Observed"
"1726",2015,0.993,"UKR","Observed"
"1727",2015,0.966,"ARE","Observed"
"1728",2015,0.961,"GBR","Observed"
"1729",2015,0.992,"USA","Observed"
"1730",2015,1.009,"URY","Observed"
"1731",2015,0.947,"UZB","Observed"
"1732",2015,1.029,"VEN","Observed"
"1733",2015,1.011,"VNM","Observed"
"1734",2015,0.55,"YEM","Observed"
"1735",2015,0.935,"ZMB","Observed"
"1736",2015,0.922,"ZWE","Observed"
"1765",2016,0.621,"AFG","Observed"
"1766",2016,0.969,"ALB","Observed"
"1767",2016,0.86,"DZA","Observed"
"1768",2016,0.998,"ARG","Observed"
"1769",2016,0.968,"ARM","Observed"
"1770",2016,0.975,"AUS","Observed"
"1771",2016,0.971,"AUT","Observed"
"1772",2016,0.949,"AZE","Observed"
"1774",2016,0.932,"BHR","Observed"
"1775",2016,0.882,"BGD","Observed"
"1776",2016,1.015,"BRB","Observed"
"1777",2016,1.02,"BLR","Observed"
"1778",2016,0.971,"BEL","Observed"
"1779",2016,0.978,"BLZ","Observed"
"1780",2016,0.887,"BEN","Observed"
"1781",2016,0.89,"BTN","Observed"
"1782",2016,0.922,"BOL","Observed"
"1783",2016,0.923,"BIH","Observed"
"1784",2016,0.979,"BWA","Observed"
"1785",2016,0.994,"BRA","Observed"
"1786",2016,0.991,"BRN","Observed"
"1787",2016,0.99,"BGR","Observed"
"1788",2016,0.869,"BFA","Observed"
"1789",2016,1,"BDI","Observed"
"1790",2016,0.948,"CPV","Observed"
"1791",2016,0.914,"KHM","Observed"
"1792",2016,0.865,"CMR","Observed"
"1793",2016,0.986,"CAN","Observed"
"1794",2016,0.778,"CAF","Observed"
"1795",2016,0.788,"TCD","Observed"
"1796",2016,0.961,"CHL","Observed"
"1797",2016,0.957,"CHN","Observed"
"1798",2016,0.997,"COL","Observed"
"1799",2016,0.874,"COM","Observed"
"1800",2016,0.935,"COG","Observed"
"1801",2016,0.845,"COD","Observed"
"1802",2016,0.976,"CRI","Observed"
"1803",2016,0.99,"HRV","Observed"
"1804",2016,0.944,"CUB","Observed"
"1805",2016,0.984,"CYP","Observed"
"1806",2016,0.986,"CZE","Observed"
"1807",2016,0.84,"CIV","Observed"
"1808",2016,0.98,"DNK","Observed"
"1809",2016,0.989,"DOM","Observed"
"1810",2016,0.979,"ECU","Observed"
"1811",2016,0.871,"EGY","Observed"
"1812",2016,0.97,"SLV","Observed"
"1813",2016,1.019,"EST","Observed"
"1814",2016,0.944,"SWZ","Observed"
"1815",2016,0.845,"ETH","Observed"
"1817",2016,1.001,"FIN","Observed"
"1818",2016,0.987,"FRA","Observed"
"1819",2016,0.911,"GAB","Observed"
"1820",2016,0.884,"GMB","Observed"
"1821",2016,0.975,"GEO","Observed"
"1822",2016,0.967,"DEU","Observed"
"1823",2016,0.909,"GHA","Observed"
"1824",2016,0.964,"GRC","Observed"
"1825",2016,0.948,"GTM","Observed"
"1826",2016,0.808,"GIN","Observed"
"1827",2016,0.948,"GUY","Observed"
"1828",2016,0.89,"HTI","Observed"
"1829",2016,0.977,"HND","Observed"
"1830",2016,0.965,"HKG","Observed"
"1831",2016,0.985,"HUN","Observed"
"1832",2016,0.965,"ISL","Observed"
"1833",2016,0.84,"IND","Observed"
"1834",2016,0.931,"IDN","Observed"
"1835",2016,0.871,"IRN","Observed"
"1836",2016,0.822,"IRQ","Observed"
"1837",2016,0.979,"IRL","Observed"
"1838",2016,0.975,"ISR","Observed"
"1839",2016,0.967,"ITA","Observed"
"1840",2016,0.988,"JAM","Observed"
"1841",2016,0.975,"JPN","Observed"
"1842",2016,0.856,"JOR","Observed"
"1843",2016,1.006,"KAZ","Observed"
"1844",2016,0.929,"KEN","Observed"
"1845",2016,0.932,"KOR","Observed"
"1846",2016,0.991,"KWT","Observed"
"1847",2016,0.96,"KGZ","Observed"
"1848",2016,0.933,"LAO","Observed"
"1849",2016,1.03,"LVA","Observed"
"1850",2016,0.888,"LBN","Observed"
"1851",2016,1.005,"LSO","Observed"
"1852",2016,0.835,"LBR","Observed"
"1853",2016,0.924,"LBY","Observed"
"1854",2016,1.026,"LTU","Observed"
"1855",2016,0.97,"LUX","Observed"
"1856",2016,0.962,"MDG","Observed"
"1857",2016,0.936,"MWI","Observed"
"1858",2016,0.975,"MYS","Observed"
"1859",2016,0.918,"MDV","Observed"
"1860",2016,0.818,"MLI","Observed"
"1861",2016,0.96,"MLT","Observed"
"1862",2016,0.842,"MRT","Observed"
"1863",2016,0.967,"MUS","Observed"
"1864",2016,0.954,"MEX","Observed"
"1865",2016,1.006,"MDA","Observed"
"1866",2016,1.023,"MNG","Observed"
"1867",2016,0.955,"MNE","Observed"
"1868",2016,0.832,"MAR","Observed"
"1869",2016,0.904,"MOZ","Observed"
"1871",2016,1.012,"NAM","Observed"
"1872",2016,0.924,"NPL","Observed"
"1873",2016,0.967,"NLD","Observed"
"1874",2016,0.966,"NZL","Observed"
"1875",2016,0.966,"NIC","Observed"
"1876",2016,0.809,"NER","Observed"
"1877",2016,0.867,"NGA","Observed"
"1878",2016,0.991,"NOR","Observed"
"1879",2016,0.944,"OMN","Observed"
"1880",2016,0.748,"PAK","Observed"
"1881",2016,0.878,"PSE","Observed"
"1882",2016,0.989,"PAN","Observed"
"1884",2016,0.971,"PRY","Observed"
"1885",2016,0.949,"PER","Observed"
"1886",2016,1,"PHL","Observed"
"1887",2016,1.006,"POL","Observed"
"1888",2016,0.984,"PRT","Observed"
"1889",2016,1.032,"QAT","Observed"
"1890",2016,0.985,"ROU","Observed"
"1891",2016,1.019,"RUS","Observed"
"1892",2016,0.94,"RWA","Observed"
"1893",2016,0.992,"LCA","Observed"
"1894",2016,0.896,"STP","Observed"
"1895",2016,0.878,"SAU","Observed"
"1896",2016,0.906,"SEN","Observed"
"1897",2016,0.976,"SRB","Observed"
"1898",2016,0.87,"SLE","Observed"
"1899",2016,0.98,"SGP","Observed"
"1900",2016,0.991,"SVK","Observed"
"1901",2016,1.003,"SVN","Observed"
"1902",2016,0.984,"ZAF","Observed"
"1903",2016,0.827,"SSD","Observed"
"1904",2016,0.979,"ESP","Observed"
"1905",2016,0.935,"LKA","Observed"
"1906",2016,0.831,"SDN","Observed"
"1907",2016,0.975,"SUR","Observed"
"1908",2016,0.992,"SWE","Observed"
"1909",2016,0.987,"CHE","Observed"
"1910",2016,0.797,"SYR","Observed"
"1911",2016,0.932,"TJK","Observed"
"1912",2016,0.929,"TZA","Observed"
"1913",2016,0.998,"THA","Observed"
"1914",2016,0.946,"MKD","Observed"
"1915",2016,0.858,"TLS","Observed"
"1916",2016,0.822,"TGO","Observed"
"1917",2016,0.96,"TON","Observed"
"1918",2016,1.012,"TTO","Observed"
"1919",2016,0.897,"TUN","Observed"
"1920",2016,0.922,"TUR","Observed"
"1921",2016,0.865,"UGA","Observed"
"1922",2016,0.993,"UKR","Observed"
"1923",2016,0.968,"ARE","Observed"
"1924",2016,0.96,"GBR","Observed"
"1925",2016,0.992,"USA","Observed"
"1926",2016,1.014,"URY","Observed"
"1927",2016,0.945,"UZB","Observed"
"1928",2016,1.016,"VEN","Observed"
"1929",2016,1.009,"VNM","Observed"
"1930",2016,0.48,"YEM","Observed"
"1931",2016,0.939,"ZMB","Observed"
"1932",2016,0.923,"ZWE","Observed"
"1961",2017,0.625,"AFG","Observed"
"1962",2017,0.97,"ALB","Observed"
"1963",2017,0.861,"DZA","Observed"
"1964",2017,0.997,"ARG","Observed"
"1965",2017,0.969,"ARM","Observed"
"1966",2017,0.975,"AUS","Observed"
"1967",2017,0.971,"AUT","Observed"
"1968",2017,0.949,"AZE","Observed"
"1970",2017,0.931,"BHR","Observed"
"1971",2017,0.881,"BGD","Observed"
"1972",2017,1.015,"BRB","Observed"
"1973",2017,1.02,"BLR","Observed"
"1974",2017,0.971,"BEL","Observed"
"1975",2017,0.979,"BLZ","Observed"
"1976",2017,0.875,"BEN","Observed"
"1977",2017,0.893,"BTN","Observed"
"1978",2017,0.929,"BOL","Observed"
"1979",2017,0.924,"BIH","Observed"
"1980",2017,0.976,"BWA","Observed"
"1981",2017,0.992,"BRA","Observed"
"1982",2017,0.991,"BRN","Observed"
"1983",2017,0.99,"BGR","Observed"
"1984",2017,0.87,"BFA","Observed"
"1985",2017,1.002,"BDI","Observed"
"1986",2017,0.949,"CPV","Observed"
"1987",2017,0.914,"KHM","Observed"
"1988",2017,0.866,"CMR","Observed"
"1989",2017,0.986,"CAN","Observed"
"1990",2017,0.78,"CAF","Observed"
"1991",2017,0.775,"TCD","Observed"
"1992",2017,0.961,"CHL","Observed"
"1993",2017,0.955,"CHN","Observed"
"1994",2017,0.997,"COL","Observed"
"1995",2017,0.876,"COM","Observed"
"1996",2017,0.934,"COG","Observed"
"1997",2017,0.852,"COD","Observed"
"1998",2017,0.974,"CRI","Observed"
"1999",2017,0.991,"HRV","Observed"
"2000",2017,0.942,"CUB","Observed"
"2001",2017,0.984,"CYP","Observed"
"2002",2017,0.986,"CZE","Observed"
"2003",2017,0.841,"CIV","Observed"
"2004",2017,0.98,"DNK","Observed"
"2005",2017,0.989,"DOM","Observed"
"2006",2017,0.978,"ECU","Observed"
"2007",2017,0.872,"EGY","Observed"
"2008",2017,0.969,"SLV","Observed"
"2009",2017,1.019,"EST","Observed"
"2010",2017,0.943,"SWZ","Observed"
"2011",2017,0.846,"ETH","Observed"
"2013",2017,1,"FIN","Observed"
"2014",2017,0.987,"FRA","Observed"
"2015",2017,0.911,"GAB","Observed"
"2016",2017,0.89,"GMB","Observed"
"2017",2017,0.975,"GEO","Observed"
"2018",2017,0.967,"DEU","Observed"
"2019",2017,0.91,"GHA","Observed"
"2020",2017,0.964,"GRC","Observed"
"2021",2017,0.948,"GTM","Observed"
"2022",2017,0.81,"GIN","Observed"
"2023",2017,0.948,"GUY","Observed"
"2025",2017,0.978,"HND","Observed"
"2026",2017,0.965,"HKG","Observed"
"2027",2017,0.985,"HUN","Observed"
"2028",2017,0.966,"ISL","Observed"
"2029",2017,0.841,"IND","Observed"
"2030",2017,0.932,"IDN","Observed"
"2031",2017,0.871,"IRN","Observed"
"2032",2017,0.823,"IRQ","Observed"
"2033",2017,0.979,"IRL","Observed"
"2034",2017,0.975,"ISR","Observed"
"2035",2017,0.967,"ITA","Observed"
"2036",2017,0.988,"JAM","Observed"
"2037",2017,0.975,"JPN","Observed"
"2038",2017,0.857,"JOR","Observed"
"2039",2017,1.007,"KAZ","Observed"
"2040",2017,0.931,"KEN","Observed"
"2041",2017,0.932,"KOR","Observed"
"2042",2017,0.99,"KWT","Observed"
"2043",2017,0.96,"KGZ","Observed"
"2044",2017,0.934,"LAO","Observed"
"2045",2017,1.03,"LVA","Observed"
"2046",2017,0.889,"LBN","Observed"
"2047",2017,1.004,"LSO","Observed"
"2048",2017,0.846,"LBR","Observed"
"2049",2017,0.929,"LBY","Observed"
"2050",2017,1.026,"LTU","Observed"
"2051",2017,0.969,"LUX","Observed"
"2052",2017,0.962,"MDG","Observed"
"2053",2017,0.936,"MWI","Observed"
"2054",2017,0.976,"MYS","Observed"
"2055",2017,0.919,"MDV","Observed"
"2056",2017,0.811,"MLI","Observed"
"2057",2017,0.961,"MLT","Observed"
"2058",2017,0.845,"MRT","Observed"
"2059",2017,0.968,"MUS","Observed"
"2060",2017,0.954,"MEX","Observed"
"2061",2017,1.005,"MDA","Observed"
"2062",2017,1.023,"MNG","Observed"
"2063",2017,0.956,"MNE","Observed"
"2064",2017,0.838,"MAR","Observed"
"2065",2017,0.904,"MOZ","Observed"
"2066",2017,0.959,"MMR","Observed"
"2067",2017,1.014,"NAM","Observed"
"2068",2017,0.925,"NPL","Observed"
"2069",2017,0.966,"NLD","Observed"
"2070",2017,0.966,"NZL","Observed"
"2071",2017,0.966,"NIC","Observed"
"2072",2017,0.812,"NER","Observed"
"2073",2017,0.868,"NGA","Observed"
"2074",2017,0.991,"NOR","Observed"
"2075",2017,0.942,"OMN","Observed"
"2076",2017,0.75,"PAK","Observed"
"2077",2017,0.877,"PSE","Observed"
"2078",2017,0.989,"PAN","Observed"
"2080",2017,0.972,"PRY","Observed"
"2081",2017,0.95,"PER","Observed"
"2082",2017,1,"PHL","Observed"
"2083",2017,1.006,"POL","Observed"
"2084",2017,0.983,"PRT","Observed"
"2085",2017,1.031,"QAT","Observed"
"2086",2017,0.985,"ROU","Observed"
"2087",2017,1.019,"RUS","Observed"
"2088",2017,0.941,"RWA","Observed"
"2089",2017,0.993,"LCA","Observed"
"2090",2017,0.892,"STP","Observed"
"2091",2017,0.877,"SAU","Observed"
"2092",2017,0.911,"SEN","Observed"
"2093",2017,0.976,"SRB","Observed"
"2094",2017,0.872,"SLE","Observed"
"2095",2017,0.982,"SGP","Observed"
"2096",2017,0.991,"SVK","Observed"
"2097",2017,1.003,"SVN","Observed"
"2098",2017,0.984,"ZAF","Observed"
"2099",2017,0.826,"SSD","Observed"
"2100",2017,0.979,"ESP","Observed"
"2101",2017,0.935,"LKA","Observed"
"2102",2017,0.831,"SDN","Observed"
"2103",2017,0.975,"SUR","Observed"
"2104",2017,0.992,"SWE","Observed"
"2105",2017,0.987,"CHE","Observed"
"2106",2017,0.788,"SYR","Observed"
"2107",2017,0.933,"TJK","Observed"
"2108",2017,0.928,"TZA","Observed"
"2109",2017,0.996,"THA","Observed"
"2110",2017,0.946,"MKD","Observed"
"2111",2017,0.855,"TLS","Observed"
"2112",2017,0.822,"TGO","Observed"
"2113",2017,0.96,"TON","Observed"
"2114",2017,1.013,"TTO","Observed"
"2115",2017,0.897,"TUN","Observed"
"2116",2017,0.922,"TUR","Observed"
"2117",2017,0.865,"UGA","Observed"
"2118",2017,0.993,"UKR","Observed"
"2119",2017,0.968,"ARE","Observed"
"2120",2017,0.96,"GBR","Observed"
"2121",2017,0.992,"USA","Observed"
"2122",2017,1.014,"URY","Observed"
"2123",2017,0.945,"UZB","Observed"
"2124",2017,1.011,"VEN","Observed"
"2125",2017,1.005,"VNM","Observed"
"2126",2017,0.425,"YEM","Observed"
"2127",2017,0.941,"ZMB","Observed"
"2128",2017,0.924,"ZWE","Observed"
